,barangay,cluster,area_km2,lon,lat
0,Apolonio Samson,A,1.9305173315812874,121.00921357552797,14.654649828832548
1,Balingasa,A,0.7651997285190422,121.00161945277824,14.65164189583207
2,Damar,A,0.21046983886967152,121.000877189002,14.646806274494748
3,Del Monte,A,0.5379346805963721,121.01504602729412,14.643261231639311
4,Katipunan,A,0.12915624112197044,121.017176532869,14.656194902820896
5,Manresa,A,0.8279863860943738,121.00075272315931,14.641539192052019
6,Masambong,A,0.3445342850235339,121.0086369892149,14.642127142489063
7,Pag-ibig Sa Nayon,A,0.34537666921191446,120.99670096614065,14.64708317570108
8,Paltok,A,0.6566495580884961,121.0229969305723,14.643556178066452
9,San Antonio,A,0.7448276597366028,121.01695955302033,14.650045667680029
10,San Jose,A,0.26901440323467324,120.99374236245184,14.64060829576631
11,Unang Sigaw,A,0.15379487973766237,121.00135725389026,14.65919235505784
12,Balong Bato,A,0.335905162456691,121.00299123066884,14.663162328649687
13,Alicia,B,0.11197592116455332,121.02493261207277,14.661433542890796
14,Bagong Pag-asa,B,1.263216642448827,121.03490445702005,14.655097236853356
15,Bahay Toro,B,2.9716630677894207,121.02860488266023,14.667461700881992
16,Bungad,B,0.5117894382163012,121.02464867435151,14.649974920425791
17,Phil-Am,B,0.4435500712063289,121.03098253276754,14.64938703838166
18,Project 6,B,1.5278398027430873,121.04070568272078,14.656636573509347
19,Ramon Magsaysay,B,0.3488727142114133,121.02268550690701,14.659115979910528
20,Santo Cristo,B,0.3800142442526746,121.0289580049294,14.659848587791092
21,Vasra,B,0.5460931726260064,121.04635165700415,14.656955558998725
22,Veterans Village,B,0.5115788537362783,121.02402853749206,14.654552729203747
23,West Triangle,B,0.6765965009105372,121.03121656036355,14.643079452542095
24,Commonwealth,C,3.5704066518368784,121.08379803321749,14.700527680407419
25,Holy Spirit,C,3.2643856687106703,121.07798845544768,14.684882987086507
26,Fairview,D,3.1177160124940193,121.06873831464799,14.70245238091782
27,Greater Lagro,D,4.23517419241321,121.06337759576344,14.723630594720174
28,North Fairview,D,2.0064050812046847,121.06112479805434,14.71257174006862
29,Matandang Balara,E,3.3629298256122024,121.08093360638424,14.670449714576566
30,Pansol,E,3.3763257502016337,121.08278318663486,14.656805065056082
31,Santa Lucia,F,0.6421975504872404,121.05085597575327,14.70649845349659
32,Sauyo,F,2.7278856782264516,121.0463793998836,14.694877402176719
33,Bagbag,G,2.0741735754013506,121.03110271036932,14.697232864185398
34,Talipapa,G,1.5694388439406717,121.02507757725635,14.685413235068543
35,Tandang Sora,G,3.85920453855889,121.04007566844261,14.682062803972023
36,Damayan,H,0.20654920029183538,121.01394717330702,14.637848326567129
37,N.S. Amoranto (Gintong Silahis),H,0.2165396307993126,120.99357360763943,14.632410309160196
38,Kalusugan,H,0.42658266675283196,121.02135970361117,14.622921168073269
39,Lourdes,H,0.7520445070214695,121.00211257507544,14.625826486526307
40,Maharlika,H,0.3864932891406504,120.99674798963368,14.633387625489648
41,Mariblo,H,0.13288384159973,121.01585180402081,14.634643118506716
42,Santo Domingo (Matalahib),H,0.9101318823576288,121.00770042567645,14.629706981452092
43,Nayong Kanluran,H,0.1427992592849,121.02488504881116,14.640130159738288
44,Paang Bundok,H,0.15676853837165844,120.99197784122349,14.628122284612235
45,Paligsahan,H,0.5848507211732967,121.02279652585929,14.632379134709563
46,Paraiso,H,0.1549675233034122,121.01754946643533,14.637856189830838
47,Roxas,H,0.45332824877692895,121.0218711475355,14.627628346973639
48,Saint Peter,H,0.26672940175449517,120.99984437849457,14.63490598878286
49,Salvacion,H,0.20816963339452818,120.99395712137856,14.62653379118105
50,San Isidro Labrador,H,0.25684043889713754,120.99611274325044,14.623891969332258
51,Santa Cruz,H,0.4377349632058861,121.0205774483905,14.635664640328345
52,Santa Teresita,H,0.34180735511364874,121.00021833888664,14.620695779302347
53,Sienna,H,0.3879461556970125,121.00450593311145,14.636351681596553
54,Talayan,H,0.4901543820256895,121.01125860503099,14.634733220370418
55,Tatalon,H,0.9248319786753451,121.01391297472358,14.623575445266901
56,Amihan,I,0.12935880228870264,121.06842714379697,14.632245217656852
57,Bagumbuhay,I,0.2347225664266774,121.06518961673568,14.625156772429763
58,Bagumbayan,I,1.397472223355415,121.0814841744677,14.60680799137045
59,Bayanihan,I,0.06406852737312976,121.06952776567095,14.615409770012128
60,Blue Ridge A,I,0.2814870498952591,121.07353257216288,14.619034468417459
61,Blue Ridge B,I,0.1157143344393213,121.07540995932067,14.617881400275953
62,Botocan,I,0.1170725703264322,121.06365771282795,14.63810888270459
63,Central,I,1.337319716492035,121.04863068328855,14.646300883301382
64,Claro,I,0.10167461659344904,121.06453629720889,14.631582434122715
65,New Era (Constitution Hills),I,0.693689066255555,121.06015725081215,14.664153434419154
66,Dioquino Zobel,I,0.043432876321075134,121.06473806005852,14.619831438310076
67,Duyan-duyan,I,0.16298571861066807,121.06715878550011,14.629997443174299
68,E. Rodriguez,I,0.6541787555114897,121.05209299300247,14.626338247731185
69,East Kamias,I,0.26890449876969913,121.05616990731929,14.632192667294731
70,Escopa I,I,0.01506255475900522,121.07345854690469,14.624403200251757
71,Escopa II,I,0.018671819770725833,121.07445303144631,14.624311629609739
72,Escopa III,I,0.0873236808456633,121.07325867361972,14.627008271813342
73,Escopa IV,I,0.015026981942648437,121.07438723054555,14.625645893699351
74,Krus Na Ligas,I,0.22706433794818487,121.06278731229018,14.64432539574403
75,Libis,I,0.11356190989041852,121.07699783505893,14.616189914517067
76,Loyola Heights,I,2.424865413056405,121.07395163017127,14.638303956032795
77,Malaya,I,0.13038423766484103,121.05554320723284,14.635998496146783
78,Mangga,I,0.08119559265197124,121.06201079188645,14.625626593912688
79,Marilag,I,0.46421702091842176,121.06995804380584,14.625507376671301
80,Masagana,I,0.1640900893880794,121.0668343126893,14.618439369061408
81,Milagrosa,I,0.27059593764349554,121.06977217788521,14.620597778546571
82,Old Capitol Site,I,0.1474614613962404,121.05280866521595,14.6503460328401
83,Pinyahan,I,1.5659920990427323,121.04705571070636,14.637895409346646
84,Quirino 2-A,I,0.1724774155441107,121.05907417514247,14.630397755422155
85,Quirino 2-B,I,0.14881153062333616,121.0618405007599,14.63225906645478
86,Quirino 2-C,I,0.08627498582231895,121.06305101940086,14.634748505754525
87,Quirino 3-A,I,0.05569384645195905,121.06360622017161,14.628660412724301
88,Saint Ignatius,I,0.2598210720218697,121.07291479995605,14.61285104751676
89,San Roque,I,0.6504654646819313,121.06213188300703,14.619111951628389
90,San Vicente,I,0.12116314413961367,121.05579060234976,14.653166235994332
91,Sikatuna Village,I,0.4149941767790543,121.05922928690212,14.63806737219519
92,Silangan,I,0.2264002046166358,121.05879331642205,14.627528663105554
93,Tagumpay,I,0.0984108342001084,121.0636451766648,14.622267990827467
94,Teachers Village East,I,0.21809705181130026,121.0593115142839,14.644333689887945
95,Teachers Village West,I,0.23306222273131807,121.05623750622088,14.642679932724446
96,U.P. Campus,I,4.402603265592535,121.06479416397455,14.6539802606606
97,U.P. Village,I,0.3760322782885669,121.05630552338583,14.64888506195327
98,Villa Maria Clara,I,0.0847638435667259,121.06878360068885,14.616560966469496
99,West Kamias,I,0.18132271632036276,121.04930614616417,14.630446267061963
100,White Plains,I,0.5705693411596221,121.07267141374035,14.60618024869558
101,Bagong Silangan,J,6.698837920390345,121.11340870342593,14.709812126196532
102,Pasong Putik Proper (Pasong Putik),J,27.52363017699964,121.09571203268277,14.740352265751055
103,Payatas,J,3.148021932184907,121.10065119409334,14.711526307845041
104,Batasan Hills,K,5.93999787601314,121.09818653937283,14.683435378823402
105,Baesa,L,1.97189044068096,121.01156353927404,14.669647152897873
106,Sangandaan,L,0.8926759124052347,121.0204107366936,14.674640887871146
107,Culiat,M,2.635177963928986,121.05494701255563,14.66777625760999
108,Pasong Tamo,M,4.94952631626097,121.05870092150501,14.681459111761141
109,Aurora,N,0.12782887854827762,121.0091634247117,14.616246913257013
110,Bagong Lipunan Ng Crame,N,0.9200628719622913,121.05081962771378,14.61065579907175
111,Camp Aguinaldo,N,1.8322585367655047,121.06372765072696,14.607265860767006
112,Kristong Hari,N,0.33911882355667955,121.0306197256185,14.624815810674209
113,Damayang Lagi,N,0.8034283147547009,121.02327060358277,14.616050354867687
114,Doña Imelda,N,0.9290819629857611,121.01720585475076,14.61300605551741
115,Doña Josefa,N,0.28181380683241575,121.00677536342506,14.620010747247205
116,Don Manuel,N,0.23763243100727077,121.00518363451108,14.616349548332416
117,Horseshoe,N,0.42077460064095057,121.04194515503673,14.61259043235618
118,Immaculate Concepcion,N,0.5099648877654008,121.04432315798464,14.622369326748277
119,Kamuning,N,0.43784534381273044,121.03971467201666,14.627779955431338
120,Kaunlaran,N,0.5052367671646257,121.04408334600639,14.616890750856664
121,Laging Handa,N,0.6235210565170552,121.03058752368243,14.632504505150074
122,Mariana,N,1.6641076812592288,121.0333129205892,14.618985596868947
123,Obrero,N,0.2503727343301756,121.02974839374124,14.628280376698354
124,Pinagkaisahan,N,0.33514225302524525,121.04421326817496,14.626005314358393
125,Sacred Heart,N,0.5716436822311578,121.0388453764273,14.631397293110172
126,San Isidro,N,0.13197236906868134,121.00833394365833,14.612894998194559
127,San Martin de Porres,N,0.20767981383048456,121.04977555320653,14.617561387772758
128,Santo Niño,N,0.19344805692616768,121.01176332078047,14.611073924146917
129,Santol,N,0.44138598262834017,121.01530306500285,14.610450483083275
130,Socorro,N,1.1771764769262323,121.05640807231255,14.617513757087819
131,South Triangle,N,1.1241333899357855,121.03609545996942,14.63793834262606
132,Ugong Norte,N,2.779574824926751,121.0710797007073,14.596621109782314
133,Valencia,N,0.4368986908972604,121.03650064778368,14.610758650758923
134,Gulod,O,1.2772461315722963,121.0409844899519,14.711593242936438
135,Kaligayahan,O,2.455405876181613,121.04592340236758,14.73457970222496
136,Nagkaisang Nayon,O,2.7178948425005696,121.02508783571754,14.718881001976428
137,Novaliches Proper,O,0.6249782843362722,121.03743592813053,14.720643452337539
138,San Agustin,O,1.1692728871030438,121.0343875048374,14.730169664871518
139,San Bartolome,O,3.5884948943156325,121.03096435910089,14.706277394876846
140,Santa Monica,O,1.6522687298969028,121.04625790421464,14.71904452380531
141,Capri,O,0.0942875249185407,121.0284769537558,14.716798806084695
