,barangay,cluster,area_km2,lon,lat,district
0,Apolonio Samson,A,1.9305173315812876,121.00921357552797,14.654649828832548,6
1,Balingasa,A,0.7651997285190422,121.00161945277824,14.65164189583207,1
2,Damar,A,0.2104698388696715,121.000877189002,14.646806274494748,1
3,Del Monte,A,0.5379346805963721,121.01504602729412,14.643261231639311,1
4,Katipunan,A,0.1291562411219704,121.017176532869,14.656194902820896,1
5,Manresa,A,0.8279863860943738,121.00075272315932,14.64153919205202,1
6,Masambong,A,0.3445342850235339,121.0086369892149,14.642127142489064,1
7,Pag-ibig Sa Nayon,A,0.3453766692119144,120.99670096614064,14.64708317570108,1
8,Paltok,A,0.6566495580884961,121.0229969305723,14.643556178066452,1
9,San Antonio,A,0.7448276597366028,121.01695955302031,14.650045667680027,1
10,San Jose,A,0.2690144032346732,120.99374236245184,14.64060829576631,1
11,Unang Sigaw,A,0.1537948797376623,121.00135725389026,14.65919235505784,6
12,Balong Bato,A,0.335905162456691,121.00299123066884,14.663162328649689,6
13,Alicia,B,0.1119759211645533,121.02493261207276,14.661433542890796,1
14,Bagong Pag-asa,B,1.263216642448827,121.03490445702003,14.655097236853356,1
15,Bahay Toro,B,2.9716630677894207,121.02860488266025,14.667461700881992,1
16,Bungad,B,0.5117894382163012,121.02464867435152,14.649974920425793,1
17,Phil-Am,B,0.4435500712063289,121.03098253276754,14.64938703838166,1
18,Project 6,B,1.5278398027430873,121.04070568272078,14.656636573509347,1
19,Ramon Magsaysay,B,0.3488727142114133,121.022685506907,14.659115979910528,1
20,Santo Cristo,B,0.3800142442526746,121.0289580049294,14.659848587791092,1
21,Vasra,B,0.5460931726260064,121.04635165700417,14.656955558998725,1
22,Veterans Village,B,0.5115788537362783,121.02402853749206,14.654552729203749,1
23,West Triangle,B,0.6765965009105372,121.03121656036356,14.643079452542096,1
24,Commonwealth,C,3.5704066518368784,121.08379803321748,14.70052768040742,2
25,Holy Spirit,C,3.2643856687106703,121.07798845544768,14.684882987086509,2
26,Fairview,D,3.1177160124940198,121.068738314648,14.70245238091782,5
27,Greater Lagro,D,4.23517419241321,121.06337759576344,14.723630594720174,5
28,North Fairview,D,2.0064050812046847,121.06112479805434,14.71257174006862,5
29,Matandang Balara,E,3.3629298256122024,121.08093360638424,14.670449714576566,3
30,Pansol,E,3.3763257502016337,121.08278318663486,14.656805065056082,3
31,Santa Lucia,F,0.6421975504872404,121.05085597575328,14.70649845349659,5
32,Sauyo,F,2.727885678226452,121.0463793998836,14.69487740217672,6
33,Bagbag,G,2.0741735754013506,121.03110271036932,14.697232864185398,5
34,Talipapa,G,1.5694388439406717,121.02507757725635,14.685413235068545,6
35,Tandang Sora,G,3.85920453855889,121.0400756684426,14.682062803972023,6
36,Damayan,H,0.2065492002918353,121.01394717330702,14.637848326567129,1
37,N.S. Amoranto (Gintong Silahis),H,0.2165396307993126,120.99357360763943,14.632410309160196,1
38,Kalusugan,H,0.4265826667528319,121.02135970361115,14.622921168073267,4
39,Lourdes,H,0.7520445070214695,121.00211257507544,14.625826486526307,1
40,Maharlika,H,0.3864932891406504,120.99674798963368,14.633387625489648,1
41,Mariblo,H,0.13288384159973,121.0158518040208,14.634643118506716,1
42,Santo Domingo (Matalahib),H,0.9101318823576288,121.00770042567645,14.629706981452092,1
43,Nayong Kanluran,H,0.1427992592849,121.02488504881116,14.640130159738288,1
44,Paang Bundok,H,0.1567685383716584,120.99197784122347,14.628122284612235,1
45,Paligsahan,H,0.5848507211732967,121.02279652585928,14.632379134709565,4
46,Paraiso,H,0.1549675233034122,121.01754946643533,14.637856189830838,1
47,Roxas,H,0.4533282487769289,121.0218711475355,14.62762834697364,4
48,Saint Peter,H,0.2667294017544951,120.99984437849456,14.63490598878286,1
49,Salvacion,H,0.2081696333945281,120.99395712137856,14.62653379118105,1
50,San Isidro Labrador,H,0.2568404388971375,120.99611274325044,14.623891969332258,1
51,Santa Cruz,H,0.4377349632058861,121.0205774483905,14.635664640328343,1
52,Santa Teresita,H,0.3418073551136487,121.00021833888664,14.620695779302348,1
53,Sienna,H,0.3879461556970125,121.00450593311145,14.636351681596553,1
54,Talayan,H,0.4901543820256895,121.011258605031,14.634733220370418,1
55,Tatalon,H,0.9248319786753452,121.01391297472358,14.6235754452669,4
56,Amihan,I,0.1293588022887026,121.06842714379697,14.632245217656852,3
57,Bagumbuhay,I,0.2347225664266774,121.06518961673568,14.625156772429763,3
58,Bagumbayan,I,1.397472223355415,121.0814841744677,14.60680799137045,3
59,Bayanihan,I,0.0640685273731297,121.06952776567095,14.615409770012128,3
60,Blue Ridge A,I,0.2814870498952591,121.07353257216288,14.61903446841746,3
61,Blue Ridge B,I,0.1157143344393213,121.07540995932068,14.617881400275952,3
62,Botocan,I,0.1170725703264322,121.06365771282796,14.63810888270459,4
63,Central,I,1.337319716492035,121.04863068328856,14.646300883301382,4
64,Claro,I,0.101674616593449,121.06453629720887,14.631582434122716,3
65,New Era (Constitution Hills),I,0.693689066255555,121.06015725081215,14.664153434419154,6
66,Dioquino Zobel,I,0.0434328763210751,121.06473806005852,14.619831438310076,3
67,Duyan-duyan,I,0.162985718610668,121.06715878550013,14.6299974431743,3
68,E. Rodriguez,I,0.6541787555114897,121.05209299300247,14.626338247731184,3
69,East Kamias,I,0.2689044987696991,121.05616990731929,14.632192667294731,3
70,Escopa I,I,0.0150625547590052,121.07345854690467,14.624403200251756,3
71,Escopa II,I,0.0186718197707258,121.07445303144632,14.62431162960974,3
72,Escopa III,I,0.0873236808456633,121.07325867361972,14.627008271813342,3
73,Escopa IV,I,0.0150269819426484,121.07438723054555,14.625645893699351,3
74,Krus Na Ligas,I,0.2270643379481848,121.06278731229018,14.64432539574403,4
75,Libis,I,0.1135619098904185,121.07699783505892,14.616189914517069,3
76,Loyola Heights,I,2.424865413056405,121.07395163017128,14.638303956032797,3
77,Malaya,I,0.130384237664841,121.05554320723284,14.635998496146785,4
78,Mangga,I,0.0811955926519712,121.06201079188644,14.625626593912688,3
79,Marilag,I,0.4642170209184217,121.06995804380584,14.6255073766713,3
80,Masagana,I,0.1640900893880794,121.0668343126893,14.618439369061408,3
81,Milagrosa,I,0.2705959376434955,121.0697721778852,14.620597778546571,3
82,Old Capitol Site,I,0.1474614613962404,121.05280866521596,14.6503460328401,4
83,Pinyahan,I,1.5659920990427325,121.04705571070636,14.637895409346646,4
84,Quirino 2-A,I,0.1724774155441107,121.05907417514248,14.630397755422155,3
85,Quirino 2-B,I,0.1488115306233361,121.0618405007599,14.63225906645478,3
86,Quirino 2-C,I,0.0862749858223189,121.06305101940086,14.634748505754525,3
87,Quirino 3-A,I,0.055693846451959,121.0636062201716,14.6286604127243,3
88,Saint Ignatius,I,0.2598210720218697,121.07291479995604,14.61285104751676,3
89,San Roque,I,0.6504654646819313,121.06213188300704,14.619111951628389,3
90,San Vicente,I,0.1211631441396136,121.05579060234976,14.653166235994332,4
91,Sikatuna Village,I,0.4149941767790543,121.05922928690212,14.63806737219519,4
92,Silangan,I,0.2264002046166358,121.05879331642204,14.627528663105554,3
93,Tagumpay,I,0.0984108342001084,121.0636451766648,14.622267990827469,3
94,Teachers Village East,I,0.2180970518113002,121.0593115142839,14.644333689887944,4
95,Teachers Village West,I,0.233062222731318,121.05623750622088,14.642679932724446,4
96,U.P. Campus,I,4.402603265592535,121.06479416397455,14.6539802606606,4
97,U.P. Village,I,0.3760322782885669,121.05630552338584,14.64888506195327,4
98,Villa Maria Clara,I,0.0847638435667259,121.06878360068885,14.616560966469496,3
99,West Kamias,I,0.1813227163203627,121.04930614616416,14.630446267061965,3
100,White Plains,I,0.5705693411596221,121.07267141374037,14.60618024869558,3
101,Bagong Silangan,J,6.698837920390345,121.11340870342592,14.709812126196532,2
102,Pasong Putik Proper (Pasong Putik),J,27.52363017699964,121.09571203268275,14.740352265751056,5
103,Payatas,J,3.148021932184907,121.10065119409334,14.71152630784504,2
104,Batasan Hills,K,5.93999787601314,121.09818653937285,14.683435378823402,2
105,Baesa,L,1.97189044068096,121.01156353927404,14.669647152897872,6
106,Sangandaan,L,0.8926759124052347,121.0204107366936,14.674640887871146,6
107,Culiat,M,2.635177963928986,121.05494701255564,14.66777625760999,6
108,Pasong Tamo,M,4.94952631626097,121.058700921505,14.68145911176114,6
109,Aurora,N,0.1278288785482776,121.0091634247117,14.616246913257012,4
110,Bagong Lipunan Ng Crame,N,0.9200628719622912,121.05081962771378,14.61065579907175,4
111,Camp Aguinaldo,N,1.8322585367655049,121.06372765072696,14.607265860767006,3
112,Kristong Hari,N,0.3391188235566795,121.0306197256185,14.624815810674209,4
113,Damayang Lagi,N,0.8034283147547009,121.02327060358276,14.616050354867689,4
114,Doña Imelda,N,0.9290819629857612,121.01720585475076,14.61300605551741,4
115,Doña Josefa,N,0.2818138068324157,121.00677536342506,14.620010747247203,4
116,Don Manuel,N,0.2376324310072707,121.00518363451108,14.616349548332416,4
117,Horseshoe,N,0.4207746006409505,121.04194515503671,14.61259043235618,4
118,Immaculate Concepcion,N,0.5099648877654008,121.04432315798464,14.622369326748275,4
119,Kamuning,N,0.4378453438127304,121.03971467201666,14.627779955431338,4
120,Kaunlaran,N,0.5052367671646257,121.0440833460064,14.616890750856664,4
121,Laging Handa,N,0.6235210565170552,121.03058752368244,14.632504505150074,4
122,Mariana,N,1.6641076812592288,121.0333129205892,14.618985596868947,4
123,Obrero,N,0.2503727343301756,121.02974839374124,14.628280376698354,4
124,Pinagkaisahan,N,0.3351422530252452,121.04421326817496,14.626005314358393,4
125,Sacred Heart,N,0.5716436822311578,121.0388453764273,14.631397293110172,4
126,San Isidro,N,0.1319723690686813,121.00833394365831,14.61289499819456,4
127,San Martin de Porres,N,0.2076798138304845,121.04977555320652,14.617561387772758,4
128,Santo Niño,N,0.1934480569261676,121.01176332078047,14.611073924146917,4
129,Santol,N,0.4413859826283401,121.01530306500284,14.610450483083277,4
130,Socorro,N,1.1771764769262325,121.05640807231256,14.61751375708782,3
131,South Triangle,N,1.1241333899357857,121.03609545996942,14.63793834262606,4
132,Ugong Norte,N,2.779574824926751,121.0710797007073,14.596621109782314,3
133,Valencia,N,0.4368986908972604,121.03650064778368,14.610758650758925,4
134,Gulod,O,1.2772461315722965,121.0409844899519,14.711593242936438,5
135,Kaligayahan,O,2.455405876181613,121.04592340236758,14.73457970222496,5
136,Nagkaisang Nayon,O,2.7178948425005696,121.02508783571754,14.718881001976428,5
137,Novaliches Proper,O,0.6249782843362722,121.03743592813052,14.72064345233754,5
138,San Agustin,O,1.1692728871030438,121.0343875048374,14.730169664871518,5
139,San Bartolome,O,3.5884948943156325,121.03096435910088,14.706277394876846,5
140,Santa Monica,O,1.6522687298969028,121.04625790421464,14.71904452380531,5
141,Capri,O,0.0942875249185407,121.0284769537558,14.716798806084697,5
